дата выпуска;№ выпуска;ниша;№ компании;компания;домен;домен подтверждён;тип;источник URL;дата проверки;примечание
28.09.2026;2;Стоматологии;—;см. barometr/vypusk-2-stomatologii.md;;;;;;
01.10.2026;3;Клиники (медцентры);1;Мать и дитя Иркутск;irkutsk.mamadeti.ru;да;федеральная сеть / городской поддомен;https://irkutsk.mamadeti.ru/;2026-09-25;
01.10.2026;3;Клиники (медцентры);2;Харлампиевская клиника;irk.clinic;да;местная;https://irk.clinic/;2026-09-25;
01.10.2026;3;Клиники (медцентры);3;Медицинский центр «Для всей семьи»;irkmedcenter.ru;да;местная;http://irkmedcenter.ru/;2026-09-25;
01.10.2026;3;Клиники (медцентры);4;Клиника «СОЮЗ»;mmk-souyz.ru;да;местная;https://mmk-souyz.ru/;2026-09-25;
01.10.2026;3;Клиники (медцентры);5;Медикал Он Груп-Иркутск;medongroup-irk.ru;да;[уточнить: сеть или местная];https://medongroup-irk.ru/;2026-09-25;"в сниппете «в Иркутске с 2005 года»; есть ли сеть в других городах — не проверял"
01.10.2026;3;Клиники (медцентры);6;Байкал-Медикл;baikalmedikl.ru;да;местная;https://baikalmedikl.ru/;2026-09-25;
01.10.2026;3;Клиники (медцентры);7;Клиника Эксперт;—;нет домена;[уточнить: сеть или местная];https://2gis.ru/irkutsk/firm/70000001037098529;2026-09-25;в выдаче только карточка 2ГИС
01.10.2026;3;Клиники (медцентры);8;Клиника ИГЦМД (Центр молекулярной диагностики);igcmd.ru;да;местная;https://igcmd.ru/clinic/service/vrachebnye-priemy-i-manipulyacii/gastroenterologiyadetskayaivzroslaya;2026-09-25;
01.10.2026;3;Клиники (медцентры);9;Клиника М53;m-53.ru;да;местная;https://m-53.ru/napravleniya/gastroenterologiya;2026-09-25;
01.10.2026;3;Клиники (медцентры);10;Гемотест;gemotest.ru;да;федеральная сеть / городской поддомен (лаборатория);https://gemotest.ru/irkutsk/catalog/;2026-09-25;источник: research-mehanika/03-nablyudeniya.md (прогон WebSearch 25.09.2026)
01.10.2026;3;Клиники (медцентры);11;Хеликс;helix.ru;да;федеральная сеть / городской поддомен (лаборатория);https://helix.ru/irkutsk/catalog/190-vse-analizy;2026-09-25;источник: research-mehanika/03-nablyudeniya.md (прогон WebSearch 25.09.2026)
01.10.2026;3;Клиники (медцентры);12;Инвитро;invitro.ru;да;федеральная сеть / городской поддомен (лаборатория);https://invitro.ru/offices/irkutsk/;2026-09-25;источник: research-mehanika/03-nablyudeniya.md (прогон WebSearch 25.09.2026)
04.10.2026;4;Ремонт квартир;1;Pro Ремонт;про-ремонт38.рф;да;местная;http://www.xn---38-rdd9agddekc2a.xn--p1ai/;2026-09-25;
04.10.2026;4;Ремонт квартир;2;AlexArt;alexart-irk.ru;да;местная;https://alexart-irk.ru/;2026-09-25;
04.10.2026;4;Ремонт квартир;3;ASEREBRO Group;aserebrogroup.ru;да;местная;https://aserebrogroup.ru/;2026-09-25;
04.10.2026;4;Ремонт квартир;4;Корона;irkutsk.korona-remont.ru;да;федеральная сеть / городской поддомен;https://irkutsk.korona-remont.ru/;2026-09-25;
04.10.2026;4;Ремонт квартир;5;БайкалИнтерСтрой;irk-stroy.ru;неподтв.;местная;https://www.irk-stroy.ru/;2026-09-25;"название из сводки поиска; в title сайта названия нет"
04.10.2026;4;Ремонт квартир;6;S5 Ремонт;irkutsk.s5r.ru;неподтв.;федеральная сеть / городской поддомен;https://irkutsk.s5r.ru/nedorogoj-remont-kvartir;2026-09-25;название выведено из домена
04.10.2026;4;Ремонт квартир;7;Бригада38;—;нет домена;местная;https://2gis.ru/irkutsk/firm/70000001029123720/tab/reviews;2026-09-25;
04.10.2026;4;Ремонт квартир;8;СтройПлюс38;—;нет домена;местная;https://2gis.ru/irkutsk/firm/70000001057201306/tab/reviews;2026-09-25;
04.10.2026;4;Ремонт квартир;9;СК Фундамент;—;нет домена;местная;поиск «ремонт квартир под ключ Иркутск компания», сводка выдачи;2026-09-25;название только в сводке, URL нет
04.10.2026;4;Ремонт квартир;10;Дружина;дружина38.рф;да;местная;https://www.xn--38-6kcpkm9av1a.xn--p1ai/;2026-09-25;
04.10.2026;4;Ремонт квартир;11;Кронвест;kronvest.net;неподтв.;федеральная сеть / городской поддомен;https://kronvest.net/irkutsk/remont-kvartiry-v-novostrojke;2026-09-25;страница /irkutsk/ на общем домене
04.10.2026;4;Ремонт квартир;12;Proff-ремонт;irkutsk.proff-remont.ru;неподтв.;федеральная сеть / городской поддомен;https://irkutsk.proff-remont.ru/;2026-09-25;название выведено из домена
07.10.2026;5;Окна и остекление балконов;1;Новые технологии-сервис (НТС);nts-okna.ru;да;местная;https://nts-okna.ru/;2026-09-25;
07.10.2026;5;Окна и остекление балконов;2;Элит Лайн;gcel.ru;да;местная;https://gcel.ru/;2026-09-25;
07.10.2026;5;Окна и остекление балконов;3;Фенстер;f-okna.ru;да;местная;https://f-okna.ru/;2026-09-25;Иркутск и Улан-Удэ
07.10.2026;5;Окна и остекление балконов;4;Система;systemairk.ru;неподтв.;местная;https://systemairk.ru/;2026-09-25;название из сводки поиска
07.10.2026;5;Окна и остекление балконов;5;Всёвдом;irkutsk.vsevdom.info;да;федеральная сеть / городской поддомен;https://irkutsk.vsevdom.info/windows/balcony;2026-09-25;
07.10.2026;5;Окна и остекление балконов;6;ЭСС окна (название не установлено);irkutsk.essokna.ru;неподтв.;федеральная сеть / городской поддомен;https://irkutsk.essokna.ru/;2026-09-25;название в выдаче не указано
07.10.2026;5;Окна и остекление балконов;7;Элит-пласт;—;нет домена;местная;поиск «пластиковые окна Иркутск компания остекление балконов», сводка;2026-09-25;название только в сводке
07.10.2026;5;Окна и остекление балконов;8;Балкон Центр;—;нет домена;местная;поиск «пластиковые окна Иркутск компания остекление балконов», сводка;2026-09-25;название только в сводке
07.10.2026;5;Окна и остекление балконов;9;Окна века;—;нет домена;местная;поиск «пластиковые окна Иркутск компания остекление балконов», сводка;2026-09-25;название только в сводке
07.10.2026;5;Окна и остекление балконов;10;Азимут;азимут-иркутск.рф;да;местная;https://xn----7sbvebmam2blgehf.xn--p1ai/;2026-09-25;также 2ГИС: https://2gis.ru/irkutsk/firm/1548640653186014
07.10.2026;5;Окна и остекление балконов;11;Мультифрейм;—;нет домена;местная;https://oknaorg.ru/irkutsk/company/list;2026-09-25;название из сводки по рейтингу oknaorg
07.10.2026;5;Окна и остекление балконов;12;Фабрика окон и дверей;—;нет домена;местная;https://2gis.ru/irkutsk/firm/1548640653059819/tab/info;2026-09-25;
10.10.2026;6;Автосервисы;1;Автоцентр Кузьмиха;kuzmiha.ru;да;местная;https://kuzmiha.ru/service/diagnostics-engine/;2026-09-25;
10.10.2026;6;Автосервисы;2;СТО Фильтр;stofilter.ru;да;федеральная сеть / городской поддомен;https://stofilter.ru/irkutsk/services/zamena-masla-v-dvigatele/;2026-09-25;источник: research-mehanika/03-nablyudeniya.md (прогон WebSearch 25.09.2026)
10.10.2026;6;Автосервисы;3;Автосервис на autoservice138.ru (название не установлено);autoservice138.ru;неподтв.;местная;autoservice138.ru (URL в research-mehanika/03-nablyudeniya.md (прогон WebSearch 25.09.2026));2026-09-25;название в выдаче не указано
10.10.2026;6;Автосервисы;4;Автосервис ИП Мартынов А.Г.;akpp-irk.ru;да;местная;https://akpp-irk.ru/services/remont-i-diagnostika-dvs/;2026-09-25;
10.10.2026;6;Автосервисы;5;ДАС;das38.ru;да;местная;das38.ru (URL в research-mehanika/03-nablyudeniya.md (прогон WebSearch 25.09.2026));2026-09-25;адрес ул. Байкальская, 295 А — из сводки
10.10.2026;6;Автосервисы;6;Просто сервис;prosto38.ru;да;местная;https://prosto38.ru/uslugi-servisa/slesarnyj-remont/diagnostika-i-remont-dvs/kompleksnaya-diagnostika-dvs/;2026-09-25;
10.10.2026;6;Автосервисы;7;Егрофф;xn--c1adkhfqnrd2c3cu.xn--p1ai;неподтв.;местная;https://xn--c1adkhfqnrd2c3cu.xn--p1ai/diagnostika;2026-09-25;кириллический домен при декодировании не совпадает с названием — проверить вручную
10.10.2026;6;Автосервисы;8;СТО «Гена»;stogena.ru;да;местная;https://stogena.ru/;2026-09-25;
10.10.2026;6;Автосервисы;9;Автосервис по ремонту АКПП (ул. Баррикад, 90Б);—;нет домена;местная;https://2gis.ru/irkutsk/firm/1548640653118896/tab/reviews;2026-09-25;
10.10.2026;6;Автосервисы;10;Мастер АКПП;—;нет домена;местная;https://irkutsk.flamp.ru/firm/master_akpp_ooo_remontnaya_masterskaya-70000001006726256;2026-09-25;
10.10.2026;6;Автосервисы;11;Агрегатка (АКПП38);akpp38.agregatka.ru;неподтв.;федеральная сеть / городской поддомен;https://akpp38.agregatka.ru/;2026-09-25;название выведено из домена
10.10.2026;6;Автосервисы;12;А-Бренд;—;нет домена;местная;research-mehanika/03-nablyudeniya.md (прогон WebSearch 25.09.2026), запрос №11, сводка;2026-09-25;название и телефон только в сводке
13.10.2026;7;Юристы;1;Бизнес-Юрист;irkutsk.businessurist.ru;да;федеральная сеть / городской поддомен;https://irkutsk.businessurist.ru/;2026-09-25;также карточка 2ГИС в research-mehanika/03-nablyudeniya.md (прогон WebSearch 25.09.2026)
13.10.2026;7;Юристы;2;Оригинальное решение;irkutsk.originalnoe-reshenie.ru;да;федеральная сеть / городской поддомен;https://irkutsk.originalnoe-reshenie.ru/uslugi/yuridicheskim-litsam/konsultatsiya-arbitrazhnogo-yurista/;2026-09-25;
13.10.2026;7;Юристы;3;Регард;regardkonsult.ru;да;местная;https://regardkonsult.ru/biznes-yurist/;2026-09-25;
13.10.2026;7;Юристы;4;Эксперт-Юрист;ekspert-jurist.ru;да;местная;https://ekspert-jurist.ru/;2026-09-25;
13.10.2026;7;Юристы;5;Юрцентр «Право» (название по домену);irkutsk.urcenterpravo.ru;неподтв.;федеральная сеть / городской поддомен;https://irkutsk.urcenterpravo.ru/;2026-09-25;
13.10.2026;7;Юристы;6;Сибирская юридическая компания;—;нет домена;местная;поиск «юрист Иркутск юридическая компания консультация развод ДТП», сводка (2ГИС);2026-09-25;адрес ул. Напольная, 59 — из сводки
13.10.2026;7;Юристы;7;Юрист по ДТП Иркутск;юристподтп-иркутск.рф;неподтв.;местная;https://xn----gtblckaxhcfhfifdfq8p.xn--p1ai/;2026-09-25;название по title
13.10.2026;7;Юристы;8;Делу время;иркутск.делу-время.рф;да;федеральная сеть / городской поддомен;иркутск.делу-время.рф/uslugi/bankrotstvo-fizicheskikh-lits/ (URL в research-mehanika/03-nablyudeniya.md (прогон WebSearch 25.09.2026));2026-09-25;
13.10.2026;7;Юристы;9;Полезный юрист;irkutsk.polezniy-yurist.ru;да;федеральная сеть / городской поддомен;irkutsk.polezniy-yurist.ru (URL в research-mehanika/03-nablyudeniya.md (прогон WebSearch 25.09.2026));2026-09-25;
13.10.2026;7;Юристы;10;БанкротКонсалт;irkutsk.bankrotconsult.ru;да;федеральная сеть / городской поддомен;irkutsk.bankrotconsult.ru (URL в research-mehanika/03-nablyudeniya.md (прогон WebSearch 25.09.2026));2026-09-25;
13.10.2026;7;Юристы;11;Центр-юрист (название по домену);center-urist.ru;неподтв.;местная;https://center-urist.ru/Arbitrazh;2026-09-25;принадлежность к Иркутску — по title страницы
13.10.2026;7;Юристы;12;Единый центр (название по домену);edin.center;неподтв.;федеральная сеть / городской поддомен;edin.center/irkutsk/bankrotstvo-fizicheskih-lic (URL в research-mehanika/03-nablyudeniya.md (прогон WebSearch 25.09.2026));2026-09-25;
16.10.2026;8;Туризм на Байкал;1;Baikal Nord;baikal-nord.ru;да;местная;https://baikal-nord.ru/search-tours/ostrov-olhon;2026-09-25;
16.10.2026;8;Туризм на Байкал;2;Байкал-Экстрим;baikal-extreme.com;да;местная;https://baikal-extreme.com/tury;2026-09-25;
16.10.2026;8;Туризм на Байкал;3;Baikal-Green;baikal-green.ru;да;местная;https://baikal-green.ru/catalog/oneday-tours/;2026-09-25;также в research-mehanika/03-nablyudeniya.md (прогон WebSearch 25.09.2026)
16.10.2026;8;Туризм на Байкал;4;КроссТур;crosstour38.ru;да;местная;https://crosstour38.ru/;2026-09-25;
16.10.2026;8;Туризм на Байкал;5;Байкал Терра;baikalterra.com;да;местная;https://baikalterra.com/turyi-na-bajkal/winter-tours-baikal-2017/;2026-09-25;
16.10.2026;8;Туризм на Байкал;6;BaikalNova;baikalnova.ru;да;местная;https://baikalnova.ru/ledirkutsk/;2026-09-25;
16.10.2026;8;Туризм на Байкал;7;Весь Байкал;topbaikal.ru;да;местная;https://topbaikal.ru/;2026-09-25;также в research-mehanika/03-nablyudeniya.md (прогон WebSearch 25.09.2026)
16.10.2026;8;Туризм на Байкал;8;Байкалика;baikalika.ru;да;местная;https://www.baikalika.ru/tours/winter/;2026-09-25;принадлежность к Иркутску не проверял
16.10.2026;8;Туризм на Байкал;9;VeraBaikalHotel;verabaikalhotel.com;да;местная;https://verabaikalhotel.com/;2026-09-25;отель, Листвянка
16.10.2026;8;Туризм на Байкал;10;Отель «Маяк»;mayakhotel.ru;да;местная;https://mayakhotel.ru/;2026-09-25;отель, Листвянка
16.10.2026;8;Туризм на Байкал;11;Отель «Легенда Байкала»;legend-of-baikal.ru;да;местная;https://legend-of-baikal.ru/;2026-09-25;отель, Листвянка
16.10.2026;8;Туризм на Байкал;12;Отель «Созвездие Байкала»;starbaik.ru;да;местная;https://starbaik.ru/;2026-09-25;отель, Листвянка
19.10.2026;9;Кадастр (кадастровые инженеры, межевание);1;МК Кадастр;mk-kadastr.ru;да;местная;https://mk-kadastr.ru/;2026-09-25;
19.10.2026;9;Кадастр (кадастровые инженеры, межевание);2;ЮРКАД38;yurkad38.ru;да;местная;https://yurkad38.ru/;2026-09-25;название из сводки поиска
19.10.2026;9;Кадастр (кадастровые инженеры, межевание);3;БТИ Иркутск (название по сводке);btiirk.ru;неподтв.;местная;https://btiirk.ru/;2026-09-25;возможен дубль с «БТИ г. Иркутска» из 2ГИС — проверить
19.10.2026;9;Кадастр (кадастровые инженеры, межевание);4;Кадастр38 (название по домену);kadastr38.ru;неподтв.;местная;https://kadastr38.ru/uslugi/kadastrovye-raboty/;2026-09-25;
19.10.2026;9;Кадастр (кадастровые инженеры, межевание);5;Кампрок (название по домену);irkutsk.kamprok.ru;неподтв.;федеральная сеть / городской поддомен;https://irkutsk.kamprok.ru/kadastrovye-raboty;2026-09-25;
19.10.2026;9;Кадастр (кадастровые инженеры, межевание);6;Кадуслуги.рф;кадуслуги.рф;неподтв.;федеральная сеть / городской поддомен;https://xn--80agcrgi5bpc.xn--p1ai/service/Irkutsk_kadastrovyj-inzhener;2026-09-25;
19.10.2026;9;Кадастр (кадастровые инженеры, межевание);7;ГК «ВЕРСТА»;—;нет домена;местная;поиск «кадастровый инженер Иркутск межевание земельного участка компания», сводка;2026-09-25;название только в сводке
19.10.2026;9;Кадастр (кадастровые инженеры, межевание);8;ТПК «Панорама»;—;нет домена;местная;поиск «кадастровый инженер Иркутск межевание земельного участка компания», сводка;2026-09-25;название только в сводке
19.10.2026;9;Кадастр (кадастровые инженеры, межевание);9;БТИ г. Иркутска (ул. Дзержинского, 32а);—;нет домена;местная;https://2gis.ru/irkutsk/firm/1548640653231562/tab/prices;2026-09-25;возможен дубль с btiirk.ru
19.10.2026;9;Кадастр (кадастровые инженеры, межевание);10;kadastrovye-raboty.ru (название не установлено);kadastrovye-raboty.ru;неподтв.;федеральная сеть / городской поддомен;https://kadastrovye-raboty.ru/irkutsk.html;2026-09-25;
19.10.2026;9;Кадастр (кадастровые инженеры, межевание);11;[нужно от владельца: добрать компанию];;;;;;
19.10.2026;9;Кадастр (кадастровые инженеры, межевание);12;[нужно от владельца: добрать компанию];;;;;;
22.10.2026;10;Натяжные потолки;1;Потолковый;irkutsk.potolochnik24.ru;да;федеральная сеть / городской поддомен;https://irkutsk.potolochnik24.ru/;2026-09-25;
22.10.2026;10;Натяжные потолки;2;Антураж;anturage38.ru;да;местная;https://anturage38.ru/;2026-09-25;
22.10.2026;10;Натяжные потолки;3;natpotolok (название по домену);irkutsk.natpotolok.ru;неподтв.;федеральная сеть / городской поддомен;https://irkutsk.natpotolok.ru/;2026-09-25;
22.10.2026;10;Натяжные потолки;4;Всёвдом;irkutsk.vsevdom.info;да;федеральная сеть / городской поддомен;https://irkutsk.vsevdom.info/ceilings/species;2026-09-25;та же компания, что в выпуске «окна»
22.10.2026;10;Натяжные потолки;5;Натяжные-потолки24.рф;иркутск.натяжные-потолки24.рф;неподтв.;федеральная сеть / городской поддомен;https://xn--h1aeawgfg.xn---24-5cdzfqpipcoam4bg2mvc.xn--p1ai/;2026-09-25;
22.10.2026;10;Натяжные потолки;6;VIP Ceiling (название по домену);vipceiling.ru;неподтв.;федеральная сеть / городской поддомен;vipceiling.ru/irkutsk/price/ (URL в research-mehanika/03-nablyudeniya.md (прогон WebSearch 25.09.2026));2026-09-25;
22.10.2026;10;Натяжные потолки;7;ОтПрофи потолки;irkutsk.otproffi-potolki.ru;неподтв.;федеральная сеть / городской поддомен;https://irkutsk.otproffi-potolki.ru/;2026-09-25;
22.10.2026;10;Натяжные потолки;8;Глянец;potolki-irkutska.ru;да;местная;https://potolki-irkutska.ru/ceny;2026-09-25;
22.10.2026;10;Натяжные потолки;9;Потолочек (название по домену);irk.potolochek.su;неподтв.;федеральная сеть / городской поддомен;irk.potolochek.su/prices (URL в research-mehanika/03-nablyudeniya.md (прогон WebSearch 25.09.2026));2026-09-25;
22.10.2026;10;Натяжные потолки;10;potolki-natyazhniye.ru (название не установлено);irkutsk.potolki-natyazhniye.ru;неподтв.;федеральная сеть / городской поддомен;https://irkutsk.potolki-natyazhniye.ru/;2026-09-25;
22.10.2026;10;Натяжные потолки;11;Моипотолки.рф (название по домену);моипотолки.рф;неподтв.;федеральная сеть / городской поддомен;https://xn--h1aafddmbah5a.xn--p1ai/irkutsk;2026-09-25;
22.10.2026;10;Натяжные потолки;12;[нужно от владельца: добрать компанию];;;;;;
25.10.2026;11;Аренда спецтехники — повтор выпуска №1 через месяц;1;Бобкэт Центр;bc-irkutsk.ru;да;местная;прогон Радара 25.09.2026 (barometr/vypusk-1.md);2026-09-25;измерен в выпуске №1
25.10.2026;11;Аренда спецтехники — повтор выпуска №1 через месяц;2;СпецЛидер;sl38.ru;да;местная;прогон Радара 25.09.2026 (barometr/vypusk-1.md);2026-09-25;измерен в выпуске №1
25.10.2026;11;Аренда спецтехники — повтор выпуска №1 через месяц;3;ООО «Спец-Кран»;irkutsk.spectehnika-kran.ru;да;федеральная сеть / городской поддомен;irkutsk.spectehnika-kran.ru (URL в research-mehanika/03-nablyudeniya.md (прогон WebSearch 25.09.2026));2026-09-25;
25.10.2026;11;Аренда спецтехники — повтор выпуска №1 через месяц;4;Транспортсиб;transportsib.ru;да;местная;transportsib.ru/services/arenda-specztexniki-2/avtokranyi/ (URL в research-mehanika/03-nablyudeniya.md (прогон WebSearch 25.09.2026));2026-09-25;
25.10.2026;11;Аренда спецтехники — повтор выпуска №1 через месяц;5;КранРФ (название по домену);irkutsk.kranrf.ru;неподтв.;федеральная сеть / городской поддомен;irkutsk.kranrf.ru (URL в research-mehanika/03-nablyudeniya.md (прогон WebSearch 25.09.2026));2026-09-25;в title московский номер +7 (926)
25.10.2026;11;Аренда спецтехники — повтор выпуска №1 через месяц;6;Экскаватор-Иркутск.ру;ekskavator-irkutsk.ru;да;местная;https://ekskavator-irkutsk.ru/;2026-09-25;в сводке связан с «АЛЬФАСПЕЦТЕХНИКА» — связь не подтверждена
25.10.2026;11;Аренда спецтехники — повтор выпуска №1 через месяц;7;БуроВЕК;burovek.ru;да;местная;https://burovek.ru/uslugi-spetstekhniki/uslugi-ehkskavatora/;2026-09-25;
25.10.2026;11;Аренда спецтехники — повтор выпуска №1 через месяц;8;ООО «СибНедра»;sibnedra.su;да;местная;https://sibnedra.su/catalog/arenda-ekskavatora-pogruzchika.html;2026-09-25;
25.10.2026;11;Аренда спецтехники — повтор выпуска №1 через месяц;9;Тандем;irkutsk.trade-services.ru;неподтв.;федеральная сеть / городской поддомен;https://irkutsk.trade-services.ru/services/uslugi-spectekhniki/ekskavatory-pogruzchiki/;2026-09-25;"по title; возможно, каталог, а не компания"
25.10.2026;11;Аренда спецтехники — повтор выпуска №1 через месяц;10;Аренда-спецтехники-иркутск.рф;аренда-спецтехники-иркутск.рф;неподтв.;местная;https://xn-----6kcatfda1aabvda7af5amoklmjx5bx.xn--p1ai/;2026-09-25;
25.10.2026;11;Аренда спецтехники — повтор выпуска №1 через месяц;11;Спец в деле;specvdele.ru;да;местная;https://specvdele.ru/arenda-spectekhniki;2026-09-25;
25.10.2026;11;Аренда спецтехники — повтор выпуска №1 через месяц;12;Бульдозер-Иркутск.ру;buldozer-irkutsk.ru;да;местная;https://buldozer-irkutsk.ru/;2026-09-25;
